{
 "scriptNames":["DC.json"],
 "numRuns":[10],
 "paths":{
   "EXOSIMS_RUN_SAVE_PATH":"/home/corey/Documents/GitHub/EXOSIMS/simulations/AAS/",
   "EXOSIMS_SCRIPTS_PATH":"/home/corey/Documents/GitHub/EXOSIMS/scripts/AAS/",
   "EXOSIMS_RUN_LOG_PATH":"/home/corey/Documents/GitHub/EXOSIMS/simulations/AAS/",
   "EXOSIMS_QUEUE_FILE_PATH":"/home/corey/Documents/EXOSIMS/scripts/AAS/queue_DC.json",
   "PPoutpath":"/data2/extmount/EXOSIMSres/WFIRSTCompSpecPriors_WFIRSTcycle6core_3mo_40519/",
   "numCores":2
 },
 "numCores":2,
 "singleRunPostProcessing":[{"analysisName":"yieldPlotHistograms.py"}]
}