{
 "scriptNames":["WFIRSTcycle6core_CKL2_PPKL2.json",
 "WFIRSTcycle6core_CKL2_PPSAG13.json",
 "WFIRSTcycle6core_CSAG13_PPKL2.json",
 "WFIRSTcycle6core_CSAG13_PPSAG13.json"],
 "numRuns":[1000,1000,1000,1000],
 "paths":{
   "EXOSIMS_RUN_SAVE_PATH":"/data2/extmount/EXOSIMSres/WFIRSTCompSpecPriors_WFIRSTcycle6core_3mo_40519/",
   "EXOSIMS_SCRIPTS_PATH":"/home/drk94/Documents/exosims/Scripts/WFIRSTCompSpecPriors_WFIRSTcycle6core_3mo_40519/",
   "EXOSIMS_RUN_LOG_PATH":"/home/drk94/Documents/exosims/cache/",
   "EXOSIMS_QUEUE_FILE_PATH":"/home/drk94/Documents/exosims/Scripts/WFIRSTCompSpecPriors_WFIRSTcycle6core_3mo_40519/queue_WFIRSTCompSpecPriors_WFIRSTcycle6core_3mo_40519.json",
   "PPoutpath":"/data2/extmount/EXOSIMSres/WFIRSTCompSpecPriors_WFIRSTcycle6core_3mo_40519/",
   "numCores":24
 },
 "singleRunPostProcessing":[{"analysisName":"depthOfSearch.py"},{"analysisName":"kopparapuPlot.py"},{"analysisName":"plotC0vsT0andCvsT.py"},{"analysisName":"plotCompletenessJointPDFs.py"},{"analysisName":"plotKeepoutMap.py"},{"analysisName":"plotPlanetPopRvsAandDetectedRvsA.py"},{"analysisName":"plotTimeline.py"},{"analysisName":"yieldPlotHistograms.py"}]
}
