{
  "koAngleMax":124,
  "ftol":1e-2,
  "Izod":"fZmin",
  "selectionMetric":"priorityObs",
  "cacheOptTimes": true,
  "missionLife": 6,
  "missionPortion": 0.04166666666666666,
  "staticStars": true,
  "checkKeepoutEnd": true,
  "pupilDiam": 2.37,
  "obscurFac": 0.1724,
  "intCutoff": 30,
  "nVisitsMax": 1,
  "ppFact": 0.1,
  "WAint":0.3,
  "minComp": 0,
  "dMagLim": 22.5,
  "dMagint": 22.5,
  "dMag0": 22.5,
  "settlingTime": 0.5, 
  "arange": [0.1,30],
  "erange": [0,0.35],
  "smaknee": 10,
  "staticOptTimes": true,
  "scienceInstruments": [
    { "name": "imager",
      "QE": "$HOME/Documents/exosims/fitFilesFolder/WFIRST_cycle6/QE/Basic_Multi2_std_Si.fits",
      "optics": 0.518018590965876,
      "FoV": 9.5,
      "pixelNumber": 1024,
      "pixelSize": 1.3e-5,
      "sread": 0,
      "idark": 1.14e-4,
      "CIC": 1e-2,
      "texp": 100,
      "ENF": 1
    },
    { "name": "spectro",
      "QE": "$HOME/Documents/exosims/fitFilesFolder/WFIRST_cycle6/QE/Basic_Multi2_std_Si.fits",
      "optics": 0.465846901959329,
      "FoV": 1,
      "pixelNumber": 76,
      "pixelSize": 1.74e-4,
      "sread": 0,
      "idark": 1.14e-4,
      "CIC": 1e-2,
      "texp": 100,
      "ENF": 1,
      "Rs": 50
    }
  ],
  "starlightSuppressionSystems": [
    { "name": "HLC-565",
      "optics": 0.983647,
      "lam": 565,
      "BW": 0.10,
      "IWA": 0.15,
      "ohTime": 0.5,
      "occ_trans": "$HOME/Documents/exosims/fitFilesFolder/WFIRST_cycle6/G22_FIT_565/G22_FIT_565_occ_trans.fits",
      "core_thruput": "$HOME/Documents/exosims/fitFilesFolder/WFIRST_cycle6/G22_FIT_565/G22_FIT_565_thruput.fits",
      "core_mean_intensity": "$HOME/Documents/exosims/fitFilesFolder/WFIRST_cycle6/G22_FIT_565/G22_FIT_565_mean_intensity.fits",
      "core_area": "$HOME/Documents/exosims/fitFilesFolder/WFIRST_cycle6/G22_FIT_565/G22_FIT_565_area.fits",
      "core_platescale": 0.30
    },
    { "name": "SPC-660",
      "optics": 0.9154706,
      "lam": 660,
      "BW": 0.18,
      "IWA": 0.19,
      "ohTime": 0.5,
      "occ_trans": "$HOME/Documents/exosims/fitFilesFolder/WFIRST_cycle6/L3_FIT_660/L3_FIT_660_occ_trans.fits",
      "core_thruput": "$HOME/Documents/exosims/fitFilesFolder/WFIRST_cycle6/L3_FIT_660/L3_FIT_660_thruput.fits",
      "core_mean_intensity": "$HOME/Documents/exosims/fitFilesFolder/WFIRST_cycle6/L3_FIT_660/L3_FIT_660_mean_intensity.fits",
      "core_area": "$HOME/Documents/exosims/fitFilesFolder/WFIRST_cycle6/L3_FIT_660/L3_FIT_660_area.fits",
      "core_platescale": 0.30
    }
  ],
  "observingModes": [
    { "instName": "imager",
      "systName": "HLC-565",
      "detectionMode": true,
      "SNR": 5,
      "radDos": 0
    },
    { "instName": "spectro",
      "systName": "SPC-660",
      "lam": 660,
      "SNR": 10,
      "radDos": 0
    }
  ],
  "modules": {
    "PlanetPopulation": "SAG13",
    "StarCatalog": "EXOCAT1",
    "OpticalSystem": "Nemati",
    "ZodiacalLight": "Stark",
    "BackgroundSources": "GalaxiesFaintStars",
    "PlanetPhysicalModel": "Forecaster",
    "Observatory": "WFIRSTObservatoryL2",
    "TimeKeeping": " ",
    "PostProcessing": " ",
    "Completeness": "BrownCompleteness",
    "TargetList": " ",
    "SimulatedUniverse": "SAG13Universe",
    "SurveySimulation": "SLSQPScheduler",
    "SurveyEnsemble": "IPClusterEnsemble"
  }
}
