Occ, P_min, P_mid, P_max, R_min, R_mid, R_max 
0.00696,5.36805677131,6.46824111037,7.79390845595,0.498221699096,0.53282903056,0.569840246466
0.00731,5.36805677131,6.46824111037,7.79390845595,0.569840246466,0.60942232474,0.651753841878
0.00715,5.36805677131,6.46824111037,7.79390845595,0.651753841878,0.697025778608,0.745442381504
0.0065,5.36805677131,6.46824111037,7.79390845595,0.745442381504,0.797222084457,0.852598494151
0.00611,5.36805677131,6.46824111037,7.79390845595,0.852598494151,0.911821443987,0.975158121225
0.00607,5.36805677131,6.46824111037,7.79390845595,0.975158121225,1.0428942724,1.11533549251
0.00599,5.36805677131,6.46824111037,7.79390845595,1.11533549251,1.19280860369,1.27566312969
0.00614,5.36805677131,6.46824111037,7.79390845595,1.27566312969,1.36427287279,1.45903760022
0.00599,5.36805677131,6.46824111037,7.79390845595,1.45903760022,1.56038484773,1.6687718484
0.00554,5.36805677131,6.46824111037,7.79390845595,1.6687718484,1.78468759555,1.90865504878
0.00561,5.36805677131,6.46824111037,7.79390845595,1.90865504878,2.04123349336,2.18302106349
0.00529,5.36805677131,6.46824111037,7.79390845595,2.18302106349,2.33465744078,2.49682674022
0.0051,5.36805677131,6.46824111037,7.79390845595,2.49682674022,2.6702605966,2.85574146532
0.0049,5.36805677131,6.46824111037,7.79390845595,2.85574146532,3.05410615246,3.26624959008
0.00198,5.36805677131,6.46824111037,7.79390845595,3.26624959008,3.49312887377,3.7357675806
0.00064,5.36805677131,6.46824111037,7.79390845595,3.7357675806,3.99526038705,4.27277800772
0.00041,5.36805677131,6.46824111037,7.79390845595,4.27277800772,4.56957247704,4.88698279789
0.00043,5.36805677131,6.46824111037,7.79390845595,4.88698279789,5.22644098258,5.58947851344
0.00039,5.36805677131,6.46824111037,7.79390845595,5.58947851344,5.9777332522,6.39295682925
0.00019,5.36805677131,6.46824111037,7.79390845595,6.39295682925,6.83702254623,7.31193382753
0.00024,5.36805677131,6.46824111037,7.79390845595,7.31193382753,7.81983325879,8.36301225335
0.00025,5.36805677131,6.46824111037,7.79390845595,8.36301225335,8.94392139001,9.565181469
0.00016,5.36805677131,6.46824111037,7.79390845595,9.565181469,10.2295953358,10.9401605263
8e-05,5.36805677131,6.46824111037,7.79390845595,10.9401605263,11.7000827904,12.5127905549
0.00056,5.36805677131,6.46824111037,7.79390845595,12.5127905549,13.3819503909,14.3114835558
0.00773,7.79390845595,9.39127159659,11.3160146414,0.498221699096,0.53282903056,0.569840246466
0.00729,7.79390845595,9.39127159659,11.3160146414,0.569840246466,0.60942232474,0.651753841878
0.00705,7.79390845595,9.39127159659,11.3160146414,0.651753841878,0.697025778608,0.745442381504
0.00701,7.79390845595,9.39127159659,11.3160146414,0.745442381504,0.797222084457,0.852598494151
0.0069,7.79390845595,9.39127159659,11.3160146414,0.852598494151,0.911821443987,0.975158121225
0.00657,7.79390845595,9.39127159659,11.3160146414,0.975158121225,1.0428942724,1.11533549251
0.00632,7.79390845595,9.39127159659,11.3160146414,1.11533549251,1.19280860369,1.27566312969
0.0062,7.79390845595,9.39127159659,11.3160146414,1.27566312969,1.36427287279,1.45903760022
0.00603,7.79390845595,9.39127159659,11.3160146414,1.45903760022,1.56038484773,1.6687718484
0.00617,7.79390845595,9.39127159659,11.3160146414,1.6687718484,1.78468759555,1.90865504878
0.00614,7.79390845595,9.39127159659,11.3160146414,1.90865504878,2.04123349336,2.18302106349
0.00554,7.79390845595,9.39127159659,11.3160146414,2.18302106349,2.33465744078,2.49682674022
0.00499,7.79390845595,9.39127159659,11.3160146414,2.49682674022,2.6702605966,2.85574146532
0.00467,7.79390845595,9.39127159659,11.3160146414,2.85574146532,3.05410615246,3.26624959008
0.00193,7.79390845595,9.39127159659,11.3160146414,3.26624959008,3.49312887377,3.7357675806
0.00065,7.79390845595,9.39127159659,11.3160146414,3.7357675806,3.99526038705,4.27277800772
0.00053,7.79390845595,9.39127159659,11.3160146414,4.27277800772,4.56957247704,4.88698279789
0.00038,7.79390845595,9.39127159659,11.3160146414,4.88698279789,5.22644098258,5.58947851344
0.00037,7.79390845595,9.39127159659,11.3160146414,5.58947851344,5.9777332522,6.39295682925
0.00042,7.79390845595,9.39127159659,11.3160146414,6.39295682925,6.83702254623,7.31193382753
0.00024,7.79390845595,9.39127159659,11.3160146414,7.31193382753,7.81983325879,8.36301225335
0.00022,7.79390845595,9.39127159659,11.3160146414,8.36301225335,8.94392139001,9.565181469
0.00016,7.79390845595,9.39127159659,11.3160146414,9.565181469,10.2295953358,10.9401605263
0.00016,7.79390845595,9.39127159659,11.3160146414,10.9401605263,11.7000827904,12.5127905549
0.00054,7.79390845595,9.39127159659,11.3160146414,12.5127905549,13.3819503909,14.3114835558
0.00868,11.3160146414,13.6352341689,16.4297782155,0.498221699096,0.53282903056,0.569840246466
0.00859,11.3160146414,13.6352341689,16.4297782155,0.569840246466,0.60942232474,0.651753841878
0.00791,11.3160146414,13.6352341689,16.4297782155,0.651753841878,0.697025778608,0.745442381504
0.0078,11.3160146414,13.6352341689,16.4297782155,0.745442381504,0.797222084457,0.852598494151
0.00689,11.3160146414,13.6352341689,16.4297782155,0.852598494151,0.911821443987,0.975158121225
0.00744,11.3160146414,13.6352341689,16.4297782155,0.975158121225,1.0428942724,1.11533549251
0.00687,11.3160146414,13.6352341689,16.4297782155,1.11533549251,1.19280860369,1.27566312969
0.00688,11.3160146414,13.6352341689,16.4297782155,1.27566312969,1.36427287279,1.45903760022
0.00687,11.3160146414,13.6352341689,16.4297782155,1.45903760022,1.56038484773,1.6687718484
0.0062,11.3160146414,13.6352341689,16.4297782155,1.6687718484,1.78468759555,1.90865504878
0.00577,11.3160146414,13.6352341689,16.4297782155,1.90865504878,2.04123349336,2.18302106349
0.0061,11.3160146414,13.6352341689,16.4297782155,2.18302106349,2.33465744078,2.49682674022
0.00573,11.3160146414,13.6352341689,16.4297782155,2.49682674022,2.6702605966,2.85574146532
0.00522,11.3160146414,13.6352341689,16.4297782155,2.85574146532,3.05410615246,3.26624959008
0.00253,11.3160146414,13.6352341689,16.4297782155,3.26624959008,3.49312887377,3.7357675806
0.00085,11.3160146414,13.6352341689,16.4297782155,3.7357675806,3.99526038705,4.27277800772
0.00086,11.3160146414,13.6352341689,16.4297782155,4.27277800772,4.56957247704,4.88698279789
0.00051,11.3160146414,13.6352341689,16.4297782155,4.88698279789,5.22644098258,5.58947851344
0.00048,11.3160146414,13.6352341689,16.4297782155,5.58947851344,5.9777332522,6.39295682925
0.00046,11.3160146414,13.6352341689,16.4297782155,6.39295682925,6.83702254623,7.31193382753
0.00043,11.3160146414,13.6352341689,16.4297782155,7.31193382753,7.81983325879,8.36301225335
0.00036,11.3160146414,13.6352341689,16.4297782155,8.36301225335,8.94392139001,9.565181469
0.00022,11.3160146414,13.6352341689,16.4297782155,9.565181469,10.2295953358,10.9401605263
0.00013,11.3160146414,13.6352341689,16.4297782155,10.9401605263,11.7000827904,12.5127905549
0.0006,11.3160146414,13.6352341689,16.4297782155,12.5127905549,13.3819503909,14.3114835558
0.0087,16.4297782155,19.7970646391,23.8544771076,0.498221699096,0.53282903056,0.569840246466
0.00909,16.4297782155,19.7970646391,23.8544771076,0.569840246466,0.60942232474,0.651753841878
0.00853,16.4297782155,19.7970646391,23.8544771076,0.651753841878,0.697025778608,0.745442381504
0.00797,16.4297782155,19.7970646391,23.8544771076,0.745442381504,0.797222084457,0.852598494151
0.00839,16.4297782155,19.7970646391,23.8544771076,0.852598494151,0.911821443987,0.975158121225
0.00822,16.4297782155,19.7970646391,23.8544771076,0.975158121225,1.0428942724,1.11533549251
0.00751,16.4297782155,19.7970646391,23.8544771076,1.11533549251,1.19280860369,1.27566312969
0.00737,16.4297782155,19.7970646391,23.8544771076,1.27566312969,1.36427287279,1.45903760022
0.00701,16.4297782155,19.7970646391,23.8544771076,1.45903760022,1.56038484773,1.6687718484
0.00715,16.4297782155,19.7970646391,23.8544771076,1.6687718484,1.78468759555,1.90865504878
0.00664,16.4297782155,19.7970646391,23.8544771076,1.90865504878,2.04123349336,2.18302106349
0.00633,16.4297782155,19.7970646391,23.8544771076,2.18302106349,2.33465744078,2.49682674022
0.00629,16.4297782155,19.7970646391,23.8544771076,2.49682674022,2.6702605966,2.85574146532
0.00592,16.4297782155,19.7970646391,23.8544771076,2.85574146532,3.05410615246,3.26624959008
0.00235,16.4297782155,19.7970646391,23.8544771076,3.26624959008,3.49312887377,3.7357675806
0.001,16.4297782155,19.7970646391,23.8544771076,3.7357675806,3.99526038705,4.27277800772
0.00076,16.4297782155,19.7970646391,23.8544771076,4.27277800772,4.56957247704,4.88698279789
0.00072,16.4297782155,19.7970646391,23.8544771076,4.88698279789,5.22644098258,5.58947851344
0.00047,16.4297782155,19.7970646391,23.8544771076,5.58947851344,5.9777332522,6.39295682925
0.00053,16.4297782155,19.7970646391,23.8544771076,6.39295682925,6.83702254623,7.31193382753
0.00042,16.4297782155,19.7970646391,23.8544771076,7.31193382753,7.81983325879,8.36301225335
0.00037,16.4297782155,19.7970646391,23.8544771076,8.36301225335,8.94392139001,9.565181469
0.00014,16.4297782155,19.7970646391,23.8544771076,9.565181469,10.2295953358,10.9401605263
0.00022,16.4297782155,19.7970646391,23.8544771076,10.9401605263,11.7000827904,12.5127905549
0.00075,16.4297782155,19.7970646391,23.8544771076,12.5127905549,13.3819503909,14.3114835558
0.01006,23.8544771076,28.7434570957,34.6344345378,0.498221699096,0.53282903056,0.569840246466
0.00965,23.8544771076,28.7434570957,34.6344345378,0.569840246466,0.60942232474,0.651753841878
0.00935,23.8544771076,28.7434570957,34.6344345378,0.651753841878,0.697025778608,0.745442381504
0.00894,23.8544771076,28.7434570957,34.6344345378,0.745442381504,0.797222084457,0.852598494151
0.00895,23.8544771076,28.7434570957,34.6344345378,0.852598494151,0.911821443987,0.975158121225
0.00906,23.8544771076,28.7434570957,34.6344345378,0.975158121225,1.0428942724,1.11533549251
0.00807,23.8544771076,28.7434570957,34.6344345378,1.11533549251,1.19280860369,1.27566312969
0.00808,23.8544771076,28.7434570957,34.6344345378,1.27566312969,1.36427287279,1.45903760022
0.00765,23.8544771076,28.7434570957,34.6344345378,1.45903760022,1.56038484773,1.6687718484
0.00757,23.8544771076,28.7434570957,34.6344345378,1.6687718484,1.78468759555,1.90865504878
0.007,23.8544771076,28.7434570957,34.6344345378,1.90865504878,2.04123349336,2.18302106349
0.00744,23.8544771076,28.7434570957,34.6344345378,2.18302106349,2.33465744078,2.49682674022
0.00654,23.8544771076,28.7434570957,34.6344345378,2.49682674022,2.6702605966,2.85574146532
0.0065,23.8544771076,28.7434570957,34.6344345378,2.85574146532,3.05410615246,3.26624959008
0.00248,23.8544771076,28.7434570957,34.6344345378,3.26624959008,3.49312887377,3.7357675806
0.00117,23.8544771076,28.7434570957,34.6344345378,3.7357675806,3.99526038705,4.27277800772
0.00075,23.8544771076,28.7434570957,34.6344345378,4.27277800772,4.56957247704,4.88698279789
0.00084,23.8544771076,28.7434570957,34.6344345378,4.88698279789,5.22644098258,5.58947851344
0.00068,23.8544771076,28.7434570957,34.6344345378,5.58947851344,5.9777332522,6.39295682925
0.00059,23.8544771076,28.7434570957,34.6344345378,6.39295682925,6.83702254623,7.31193382753
0.00047,23.8544771076,28.7434570957,34.6344345378,7.31193382753,7.81983325879,8.36301225335
0.00036,23.8544771076,28.7434570957,34.6344345378,8.36301225335,8.94392139001,9.565181469
0.00025,23.8544771076,28.7434570957,34.6344345378,9.565181469,10.2295953358,10.9401605263
0.00026,23.8544771076,28.7434570957,34.6344345378,10.9401605263,11.7000827904,12.5127905549
0.00084,23.8544771076,28.7434570957,34.6344345378,12.5127905549,13.3819503909,14.3114835558
0.01075,34.6344345378,41.7327690179,50.2859086092,0.498221699096,0.53282903056,0.569840246466
0.01059,34.6344345378,41.7327690179,50.2859086092,0.569840246466,0.60942232474,0.651753841878
0.00966,34.6344345378,41.7327690179,50.2859086092,0.651753841878,0.697025778608,0.745442381504
0.00986,34.6344345378,41.7327690179,50.2859086092,0.745442381504,0.797222084457,0.852598494151
0.00996,34.6344345378,41.7327690179,50.2859086092,0.852598494151,0.911821443987,0.975158121225
0.00944,34.6344345378,41.7327690179,50.2859086092,0.975158121225,1.0428942724,1.11533549251
0.00913,34.6344345378,41.7327690179,50.2859086092,1.11533549251,1.19280860369,1.27566312969
0.00857,34.6344345378,41.7327690179,50.2859086092,1.27566312969,1.36427287279,1.45903760022
0.00761,34.6344345378,41.7327690179,50.2859086092,1.45903760022,1.56038484773,1.6687718484
0.00871,34.6344345378,41.7327690179,50.2859086092,1.6687718484,1.78468759555,1.90865504878
0.00838,34.6344345378,41.7327690179,50.2859086092,1.90865504878,2.04123349336,2.18302106349
0.0073,34.6344345378,41.7327690179,50.2859086092,2.18302106349,2.33465744078,2.49682674022
0.00715,34.6344345378,41.7327690179,50.2859086092,2.49682674022,2.6702605966,2.85574146532
0.00638,34.6344345378,41.7327690179,50.2859086092,2.85574146532,3.05410615246,3.26624959008
0.00348,34.6344345378,41.7327690179,50.2859086092,3.26624959008,3.49312887377,3.7357675806
0.00139,34.6344345378,41.7327690179,50.2859086092,3.7357675806,3.99526038705,4.27277800772
0.00126,34.6344345378,41.7327690179,50.2859086092,4.27277800772,4.56957247704,4.88698279789
0.00106,34.6344345378,41.7327690179,50.2859086092,4.88698279789,5.22644098258,5.58947851344
0.00075,34.6344345378,41.7327690179,50.2859086092,5.58947851344,5.9777332522,6.39295682925
0.00086,34.6344345378,41.7327690179,50.2859086092,6.39295682925,6.83702254623,7.31193382753
0.00079,34.6344345378,41.7327690179,50.2859086092,7.31193382753,7.81983325879,8.36301225335
0.00067,34.6344345378,41.7327690179,50.2859086092,8.36301225335,8.94392139001,9.565181469
0.00038,34.6344345378,41.7327690179,50.2859086092,9.565181469,10.2295953358,10.9401605263
0.00023,34.6344345378,41.7327690179,50.2859086092,10.9401605263,11.7000827904,12.5127905549
0.00106,34.6344345378,41.7327690179,50.2859086092,12.5127905549,13.3819503909,14.3114835558
0.01154,50.2859086092,60.5920159185,73.01036204,0.498221699096,0.53282903056,0.569840246466
0.01113,50.2859086092,60.5920159185,73.01036204,0.569840246466,0.60942232474,0.651753841878
0.0114,50.2859086092,60.5920159185,73.01036204,0.651753841878,0.697025778608,0.745442381504
0.01083,50.2859086092,60.5920159185,73.01036204,0.745442381504,0.797222084457,0.852598494151
0.01028,50.2859086092,60.5920159185,73.01036204,0.852598494151,0.911821443987,0.975158121225
0.01014,50.2859086092,60.5920159185,73.01036204,0.975158121225,1.0428942724,1.11533549251
0.00903,50.2859086092,60.5920159185,73.01036204,1.11533549251,1.19280860369,1.27566312969
0.00863,50.2859086092,60.5920159185,73.01036204,1.27566312969,1.36427287279,1.45903760022
0.00868,50.2859086092,60.5920159185,73.01036204,1.45903760022,1.56038484773,1.6687718484
0.00866,50.2859086092,60.5920159185,73.01036204,1.6687718484,1.78468759555,1.90865504878
0.00873,50.2859086092,60.5920159185,73.01036204,1.90865504878,2.04123349336,2.18302106349
0.00787,50.2859086092,60.5920159185,73.01036204,2.18302106349,2.33465744078,2.49682674022
0.00757,50.2859086092,60.5920159185,73.01036204,2.49682674022,2.6702605966,2.85574146532
0.00743,50.2859086092,60.5920159185,73.01036204,2.85574146532,3.05410615246,3.26624959008
0.00397,50.2859086092,60.5920159185,73.01036204,3.26624959008,3.49312887377,3.7357675806
0.00175,50.2859086092,60.5920159185,73.01036204,3.7357675806,3.99526038705,4.27277800772
0.00154,50.2859086092,60.5920159185,73.01036204,4.27277800772,4.56957247704,4.88698279789
0.0013,50.2859086092,60.5920159185,73.01036204,4.88698279789,5.22644098258,5.58947851344
0.00111,50.2859086092,60.5920159185,73.01036204,5.58947851344,5.9777332522,6.39295682925
0.00081,50.2859086092,60.5920159185,73.01036204,6.39295682925,6.83702254623,7.31193382753
0.00056,50.2859086092,60.5920159185,73.01036204,7.31193382753,7.81983325879,8.36301225335
0.00055,50.2859086092,60.5920159185,73.01036204,8.36301225335,8.94392139001,9.565181469
0.00043,50.2859086092,60.5920159185,73.01036204,9.565181469,10.2295953358,10.9401605263
0.00038,50.2859086092,60.5920159185,73.01036204,10.9401605263,11.7000827904,12.5127905549
0.0014,50.2859086092,60.5920159185,73.01036204,12.5127905549,13.3819503909,14.3114835558
0.01199,73.01036204,87.9738507525,106.004109554,0.498221699096,0.53282903056,0.569840246466
0.0124,73.01036204,87.9738507525,106.004109554,0.569840246466,0.60942232474,0.651753841878
0.01117,73.01036204,87.9738507525,106.004109554,0.651753841878,0.697025778608,0.745442381504
0.01078,73.01036204,87.9738507525,106.004109554,0.745442381504,0.797222084457,0.852598494151
0.01132,73.01036204,87.9738507525,106.004109554,0.852598494151,0.911821443987,0.975158121225
0.01084,73.01036204,87.9738507525,106.004109554,0.975158121225,1.0428942724,1.11533549251
0.01007,73.01036204,87.9738507525,106.004109554,1.11533549251,1.19280860369,1.27566312969
0.01,73.01036204,87.9738507525,106.004109554,1.27566312969,1.36427287279,1.45903760022
0.00907,73.01036204,87.9738507525,106.004109554,1.45903760022,1.56038484773,1.6687718484
0.00964,73.01036204,87.9738507525,106.004109554,1.6687718484,1.78468759555,1.90865504878
0.00912,73.01036204,87.9738507525,106.004109554,1.90865504878,2.04123349336,2.18302106349
0.00814,73.01036204,87.9738507525,106.004109554,2.18302106349,2.33465744078,2.49682674022
0.00771,73.01036204,87.9738507525,106.004109554,2.49682674022,2.6702605966,2.85574146532
0.00797,73.01036204,87.9738507525,106.004109554,2.85574146532,3.05410615246,3.26624959008
0.00411,73.01036204,87.9738507525,106.004109554,3.26624959008,3.49312887377,3.7357675806
0.0022,73.01036204,87.9738507525,106.004109554,3.7357675806,3.99526038705,4.27277800772
0.00202,73.01036204,87.9738507525,106.004109554,4.27277800772,4.56957247704,4.88698279789
0.00153,73.01036204,87.9738507525,106.004109554,4.88698279789,5.22644098258,5.58947851344
0.00122,73.01036204,87.9738507525,106.004109554,5.58947851344,5.9777332522,6.39295682925
0.00096,73.01036204,87.9738507525,106.004109554,6.39295682925,6.83702254623,7.31193382753
0.00064,73.01036204,87.9738507525,106.004109554,7.31193382753,7.81983325879,8.36301225335
0.00089,73.01036204,87.9738507525,106.004109554,8.36301225335,8.94392139001,9.565181469
0.00038,73.01036204,87.9738507525,106.004109554,9.565181469,10.2295953358,10.9401605263
0.00042,73.01036204,87.9738507525,106.004109554,10.9401605263,11.7000827904,12.5127905549
0.00218,73.01036204,87.9738507525,106.004109554,12.5127905549,13.3819503909,14.3114835558
0.01467,106.004109554,127.729673603,153.907896472,0.498221699096,0.53282903056,0.569840246466
0.01401,106.004109554,127.729673603,153.907896472,0.569840246466,0.60942232474,0.651753841878
0.01438,106.004109554,127.729673603,153.907896472,0.651753841878,0.697025778608,0.745442381504
0.01391,106.004109554,127.729673603,153.907896472,0.745442381504,0.797222084457,0.852598494151
0.01345,106.004109554,127.729673603,153.907896472,0.852598494151,0.911821443987,0.975158121225
0.01303,106.004109554,127.729673603,153.907896472,0.975158121225,1.0428942724,1.11533549251
0.01232,106.004109554,127.729673603,153.907896472,1.11533549251,1.19280860369,1.27566312969
0.01191,106.004109554,127.729673603,153.907896472,1.27566312969,1.36427287279,1.45903760022
0.01163,106.004109554,127.729673603,153.907896472,1.45903760022,1.56038484773,1.6687718484
0.01148,106.004109554,127.729673603,153.907896472,1.6687718484,1.78468759555,1.90865504878
0.01099,106.004109554,127.729673603,153.907896472,1.90865504878,2.04123349336,2.18302106349
0.01085,106.004109554,127.729673603,153.907896472,2.18302106349,2.33465744078,2.49682674022
0.01081,106.004109554,127.729673603,153.907896472,2.49682674022,2.6702605966,2.85574146532
0.01007,106.004109554,127.729673603,153.907896472,2.85574146532,3.05410615246,3.26624959008
0.00565,106.004109554,127.729673603,153.907896472,3.26624959008,3.49312887377,3.7357675806
0.00354,106.004109554,127.729673603,153.907896472,3.7357675806,3.99526038705,4.27277800772
0.00257,106.004109554,127.729673603,153.907896472,4.27277800772,4.56957247704,4.88698279789
0.00201,106.004109554,127.729673603,153.907896472,4.88698279789,5.22644098258,5.58947851344
0.00204,106.004109554,127.729673603,153.907896472,5.58947851344,5.9777332522,6.39295682925
0.00167,106.004109554,127.729673603,153.907896472,6.39295682925,6.83702254623,7.31193382753
0.00135,106.004109554,127.729673603,153.907896472,7.31193382753,7.81983325879,8.36301225335
0.00133,106.004109554,127.729673603,153.907896472,8.36301225335,8.94392139001,9.565181469
0.00076,106.004109554,127.729673603,153.907896472,9.565181469,10.2295953358,10.9401605263
0.00079,106.004109554,127.729673603,153.907896472,10.9401605263,11.7000827904,12.5127905549
0.00335,106.004109554,127.729673603,153.907896472,12.5127905549,13.3819503909,14.3114835558
0.0186,153.907896472,185.451351501,223.459644123,0.498221699096,0.53282903056,0.569840246466
0.01808,153.907896472,185.451351501,223.459644123,0.569840246466,0.60942232474,0.651753841878
0.01783,153.907896472,185.451351501,223.459644123,0.651753841878,0.697025778608,0.745442381504
0.01707,153.907896472,185.451351501,223.459644123,0.745442381504,0.797222084457,0.852598494151
0.01676,153.907896472,185.451351501,223.459644123,0.852598494151,0.911821443987,0.975158121225
0.01559,153.907896472,185.451351501,223.459644123,0.975158121225,1.0428942724,1.11533549251
0.01573,153.907896472,185.451351501,223.459644123,1.11533549251,1.19280860369,1.27566312969
0.01589,153.907896472,185.451351501,223.459644123,1.27566312969,1.36427287279,1.45903760022
0.01491,153.907896472,185.451351501,223.459644123,1.45903760022,1.56038484773,1.6687718484
0.01432,153.907896472,185.451351501,223.459644123,1.6687718484,1.78468759555,1.90865504878
0.01453,153.907896472,185.451351501,223.459644123,1.90865504878,2.04123349336,2.18302106349
0.01334,153.907896472,185.451351501,223.459644123,2.18302106349,2.33465744078,2.49682674022
0.01395,153.907896472,185.451351501,223.459644123,2.49682674022,2.6702605966,2.85574146532
0.01322,153.907896472,185.451351501,223.459644123,2.85574146532,3.05410615246,3.26624959008
0.00796,153.907896472,185.451351501,223.459644123,3.26624959008,3.49312887377,3.7357675806
0.00491,153.907896472,185.451351501,223.459644123,3.7357675806,3.99526038705,4.27277800772
0.00414,153.907896472,185.451351501,223.459644123,4.27277800772,4.56957247704,4.88698279789
0.00334,153.907896472,185.451351501,223.459644123,4.88698279789,5.22644098258,5.58947851344
0.00296,153.907896472,185.451351501,223.459644123,5.58947851344,5.9777332522,6.39295682925
0.00249,153.907896472,185.451351501,223.459644123,6.39295682925,6.83702254623,7.31193382753
0.00212,153.907896472,185.451351501,223.459644123,7.31193382753,7.81983325879,8.36301225335
0.00179,153.907896472,185.451351501,223.459644123,8.36301225335,8.94392139001,9.565181469
0.00104,153.907896472,185.451351501,223.459644123,9.565181469,10.2295953358,10.9401605263
0.00091,153.907896472,185.451351501,223.459644123,10.9401605263,11.7000827904,12.5127905549
0.0052,153.907896472,185.451351501,223.459644123,12.5127905549,13.3819503909,14.3114835558
0.02033,223.459644123,269.257744135,324.44217416,0.498221699096,0.53282903056,0.569840246466
0.01945,223.459644123,269.257744135,324.44217416,0.569840246466,0.60942232474,0.651753841878
0.0193,223.459644123,269.257744135,324.44217416,0.651753841878,0.697025778608,0.745442381504
0.01818,223.459644123,269.257744135,324.44217416,0.745442381504,0.797222084457,0.852598494151
0.0188,223.459644123,269.257744135,324.44217416,0.852598494151,0.911821443987,0.975158121225
0.0183,223.459644123,269.257744135,324.44217416,0.975158121225,1.0428942724,1.11533549251
0.01713,223.459644123,269.257744135,324.44217416,1.11533549251,1.19280860369,1.27566312969
0.01723,223.459644123,269.257744135,324.44217416,1.27566312969,1.36427287279,1.45903760022
0.0163,223.459644123,269.257744135,324.44217416,1.45903760022,1.56038484773,1.6687718484
0.01575,223.459644123,269.257744135,324.44217416,1.6687718484,1.78468759555,1.90865504878
0.01587,223.459644123,269.257744135,324.44217416,1.90865504878,2.04123349336,2.18302106349
0.01499,223.459644123,269.257744135,324.44217416,2.18302106349,2.33465744078,2.49682674022
0.01504,223.459644123,269.257744135,324.44217416,2.49682674022,2.6702605966,2.85574146532
0.01488,223.459644123,269.257744135,324.44217416,2.85574146532,3.05410615246,3.26624959008
0.00859,223.459644123,269.257744135,324.44217416,3.26624959008,3.49312887377,3.7357675806
0.00617,223.459644123,269.257744135,324.44217416,3.7357675806,3.99526038705,4.27277800772
0.005,223.459644123,269.257744135,324.44217416,4.27277800772,4.56957247704,4.88698279789
0.00455,223.459644123,269.257744135,324.44217416,4.88698279789,5.22644098258,5.58947851344
0.0038,223.459644123,269.257744135,324.44217416,5.58947851344,5.9777332522,6.39295682925
0.0031,223.459644123,269.257744135,324.44217416,6.39295682925,6.83702254623,7.31193382753
0.00246,223.459644123,269.257744135,324.44217416,7.31193382753,7.81983325879,8.36301225335
0.00246,223.459644123,269.257744135,324.44217416,8.36301225335,8.94392139001,9.565181469
0.00177,223.459644123,269.257744135,324.44217416,9.565181469,10.2295953358,10.9401605263
0.00156,223.459644123,269.257744135,324.44217416,10.9401605263,11.7000827904,12.5127905549
0.00756,223.459644123,269.257744135,324.44217416,12.5127905549,13.3819503909,14.3114835558
0.02208,324.44217416,390.936664466,471.059214233,0.498221699096,0.53282903056,0.569840246466
0.0215,324.44217416,390.936664466,471.059214233,0.569840246466,0.60942232474,0.651753841878
0.02078,324.44217416,390.936664466,471.059214233,0.651753841878,0.697025778608,0.745442381504
0.02021,324.44217416,390.936664466,471.059214233,0.745442381504,0.797222084457,0.852598494151
0.02048,324.44217416,390.936664466,471.059214233,0.852598494151,0.911821443987,0.975158121225
0.0199,324.44217416,390.936664466,471.059214233,0.975158121225,1.0428942724,1.11533549251
0.01896,324.44217416,390.936664466,471.059214233,1.11533549251,1.19280860369,1.27566312969
0.01836,324.44217416,390.936664466,471.059214233,1.27566312969,1.36427287279,1.45903760022
0.01685,324.44217416,390.936664466,471.059214233,1.45903760022,1.56038484773,1.6687718484
0.01772,324.44217416,390.936664466,471.059214233,1.6687718484,1.78468759555,1.90865504878
0.01743,324.44217416,390.936664466,471.059214233,1.90865504878,2.04123349336,2.18302106349
0.01713,324.44217416,390.936664466,471.059214233,2.18302106349,2.33465744078,2.49682674022
0.0172,324.44217416,390.936664466,471.059214233,2.49682674022,2.6702605966,2.85574146532
0.01594,324.44217416,390.936664466,471.059214233,2.85574146532,3.05410615246,3.26624959008
0.01066,324.44217416,390.936664466,471.059214233,3.26624959008,3.49312887377,3.7357675806
0.00788,324.44217416,390.936664466,471.059214233,3.7357675806,3.99526038705,4.27277800772
0.00627,324.44217416,390.936664466,471.059214233,4.27277800772,4.56957247704,4.88698279789
0.00572,324.44217416,390.936664466,471.059214233,4.88698279789,5.22644098258,5.58947851344
0.00454,324.44217416,390.936664466,471.059214233,5.58947851344,5.9777332522,6.39295682925
0.00408,324.44217416,390.936664466,471.059214233,6.39295682925,6.83702254623,7.31193382753
0.00362,324.44217416,390.936664466,471.059214233,7.31193382753,7.81983325879,8.36301225335
0.00288,324.44217416,390.936664466,471.059214233,8.36301225335,8.94392139001,9.565181469
0.0021,324.44217416,390.936664466,471.059214233,9.565181469,10.2295953358,10.9401605263
0.00222,324.44217416,390.936664466,471.059214233,10.9401605263,11.7000827904,12.5127905549
0.01098,324.44217416,390.936664466,471.059214233,12.5127905549,13.3819503909,14.3114835558
0.02487,471.059214233,567.60289705,683.933227511,0.498221699096,0.53282903056,0.569840246466
0.02444,471.059214233,567.60289705,683.933227511,0.569840246466,0.60942232474,0.651753841878
0.02299,471.059214233,567.60289705,683.933227511,0.651753841878,0.697025778608,0.745442381504
0.02309,471.059214233,567.60289705,683.933227511,0.745442381504,0.797222084457,0.852598494151
0.02152,471.059214233,567.60289705,683.933227511,0.852598494151,0.911821443987,0.975158121225
0.02151,471.059214233,567.60289705,683.933227511,0.975158121225,1.0428942724,1.11533549251
0.02016,471.059214233,567.60289705,683.933227511,1.11533549251,1.19280860369,1.27566312969
0.02029,471.059214233,567.60289705,683.933227511,1.27566312969,1.36427287279,1.45903760022
0.01947,471.059214233,567.60289705,683.933227511,1.45903760022,1.56038484773,1.6687718484
0.01863,471.059214233,567.60289705,683.933227511,1.6687718484,1.78468759555,1.90865504878
0.01882,471.059214233,567.60289705,683.933227511,1.90865504878,2.04123349336,2.18302106349
0.01866,471.059214233,567.60289705,683.933227511,2.18302106349,2.33465744078,2.49682674022
0.01772,471.059214233,567.60289705,683.933227511,2.49682674022,2.6702605966,2.85574146532
0.01773,471.059214233,567.60289705,683.933227511,2.85574146532,3.05410615246,3.26624959008
0.01305,471.059214233,567.60289705,683.933227511,3.26624959008,3.49312887377,3.7357675806
0.00922,471.059214233,567.60289705,683.933227511,3.7357675806,3.99526038705,4.27277800772
0.00762,471.059214233,567.60289705,683.933227511,4.27277800772,4.56957247704,4.88698279789
0.0066,471.059214233,567.60289705,683.933227511,4.88698279789,5.22644098258,5.58947851344
0.00561,471.059214233,567.60289705,683.933227511,5.58947851344,5.9777332522,6.39295682925
0.00488,471.059214233,567.60289705,683.933227511,6.39295682925,6.83702254623,7.31193382753
0.00377,471.059214233,567.60289705,683.933227511,7.31193382753,7.81983325879,8.36301225335
0.00368,471.059214233,567.60289705,683.933227511,8.36301225335,8.94392139001,9.565181469
0.00258,471.059214233,567.60289705,683.933227511,9.565181469,10.2295953358,10.9401605263
0.0027,471.059214233,567.60289705,683.933227511,10.9401605263,11.7000827904,12.5127905549
0.01464,471.059214233,567.60289705,683.933227511,12.5127905549,13.3819503909,14.3114835558
0.02657,683.933227511,824.105483121,993.00607134,0.498221699096,0.53282903056,0.569840246466
0.02626,683.933227511,824.105483121,993.00607134,0.569840246466,0.60942232474,0.651753841878
0.02604,683.933227511,824.105483121,993.00607134,0.651753841878,0.697025778608,0.745442381504
0.02443,683.933227511,824.105483121,993.00607134,0.745442381504,0.797222084457,0.852598494151
0.02435,683.933227511,824.105483121,993.00607134,0.852598494151,0.911821443987,0.975158121225
0.02311,683.933227511,824.105483121,993.00607134,0.975158121225,1.0428942724,1.11533549251
0.0226,683.933227511,824.105483121,993.00607134,1.11533549251,1.19280860369,1.27566312969
0.02199,683.933227511,824.105483121,993.00607134,1.27566312969,1.36427287279,1.45903760022
0.02261,683.933227511,824.105483121,993.00607134,1.45903760022,1.56038484773,1.6687718484
0.02164,683.933227511,824.105483121,993.00607134,1.6687718484,1.78468759555,1.90865504878
0.0212,683.933227511,824.105483121,993.00607134,1.90865504878,2.04123349336,2.18302106349
0.02046,683.933227511,824.105483121,993.00607134,2.18302106349,2.33465744078,2.49682674022
0.02019,683.933227511,824.105483121,993.00607134,2.49682674022,2.6702605966,2.85574146532
0.01874,683.933227511,824.105483121,993.00607134,2.85574146532,3.05410615246,3.26624959008
0.01553,683.933227511,824.105483121,993.00607134,3.26624959008,3.49312887377,3.7357675806
0.0125,683.933227511,824.105483121,993.00607134,3.7357675806,3.99526038705,4.27277800772
0.00997,683.933227511,824.105483121,993.00607134,4.27277800772,4.56957247704,4.88698279789
0.00908,683.933227511,824.105483121,993.00607134,4.88698279789,5.22644098258,5.58947851344
0.008,683.933227511,824.105483121,993.00607134,5.58947851344,5.9777332522,6.39295682925
0.00664,683.933227511,824.105483121,993.00607134,6.39295682925,6.83702254623,7.31193382753
0.00528,683.933227511,824.105483121,993.00607134,7.31193382753,7.81983325879,8.36301225335
0.00479,683.933227511,824.105483121,993.00607134,8.36301225335,8.94392139001,9.565181469
0.00358,683.933227511,824.105483121,993.00607134,9.565181469,10.2295953358,10.9401605263
0.00376,683.933227511,824.105483121,993.00607134,10.9401605263,11.7000827904,12.5127905549
0.01953,683.933227511,824.105483121,993.00607134,12.5127905549,13.3819503909,14.3114835558
0.02933,993.00607134,1196.52286984,1441.75047805,0.498221699096,0.53282903056,0.569840246466
0.02858,993.00607134,1196.52286984,1441.75047805,0.569840246466,0.60942232474,0.651753841878
0.02864,993.00607134,1196.52286984,1441.75047805,0.651753841878,0.697025778608,0.745442381504
0.02794,993.00607134,1196.52286984,1441.75047805,0.745442381504,0.797222084457,0.852598494151
0.02676,993.00607134,1196.52286984,1441.75047805,0.852598494151,0.911821443987,0.975158121225
0.02638,993.00607134,1196.52286984,1441.75047805,0.975158121225,1.0428942724,1.11533549251
0.0255,993.00607134,1196.52286984,1441.75047805,1.11533549251,1.19280860369,1.27566312969
0.02496,993.00607134,1196.52286984,1441.75047805,1.27566312969,1.36427287279,1.45903760022
0.02436,993.00607134,1196.52286984,1441.75047805,1.45903760022,1.56038484773,1.6687718484
0.02434,993.00607134,1196.52286984,1441.75047805,1.6687718484,1.78468759555,1.90865504878
0.02275,993.00607134,1196.52286984,1441.75047805,1.90865504878,2.04123349336,2.18302106349
0.02207,993.00607134,1196.52286984,1441.75047805,2.18302106349,2.33465744078,2.49682674022
0.02261,993.00607134,1196.52286984,1441.75047805,2.49682674022,2.6702605966,2.85574146532
0.02156,993.00607134,1196.52286984,1441.75047805,2.85574146532,3.05410615246,3.26624959008
0.01704,993.00607134,1196.52286984,1441.75047805,3.26624959008,3.49312887377,3.7357675806
0.0142,993.00607134,1196.52286984,1441.75047805,3.7357675806,3.99526038705,4.27277800772
0.0125,993.00607134,1196.52286984,1441.75047805,4.27277800772,4.56957247704,4.88698279789
0.01012,993.00607134,1196.52286984,1441.75047805,4.88698279789,5.22644098258,5.58947851344
0.00955,993.00607134,1196.52286984,1441.75047805,5.58947851344,5.9777332522,6.39295682925
0.00756,993.00607134,1196.52286984,1441.75047805,6.39295682925,6.83702254623,7.31193382753
0.00645,993.00607134,1196.52286984,1441.75047805,7.31193382753,7.81983325879,8.36301225335
0.00572,993.00607134,1196.52286984,1441.75047805,8.36301225335,8.94392139001,9.565181469
0.00441,993.00607134,1196.52286984,1441.75047805,9.565181469,10.2295953358,10.9401605263
0.00514,993.00607134,1196.52286984,1441.75047805,10.9401605263,11.7000827904,12.5127905549
0.02486,993.00607134,1196.52286984,1441.75047805,12.5127905549,13.3819503909,14.3114835558
0.03243,1441.75047805,1737.23753498,2093.28472499,0.498221699096,0.53282903056,0.569840246466
0.03185,1441.75047805,1737.23753498,2093.28472499,0.569840246466,0.60942232474,0.651753841878
0.03138,1441.75047805,1737.23753498,2093.28472499,0.651753841878,0.697025778608,0.745442381504
0.02991,1441.75047805,1737.23753498,2093.28472499,0.745442381504,0.797222084457,0.852598494151
0.03001,1441.75047805,1737.23753498,2093.28472499,0.852598494151,0.911821443987,0.975158121225
0.02994,1441.75047805,1737.23753498,2093.28472499,0.975158121225,1.0428942724,1.11533549251
0.02835,1441.75047805,1737.23753498,2093.28472499,1.11533549251,1.19280860369,1.27566312969
0.02783,1441.75047805,1737.23753498,2093.28472499,1.27566312969,1.36427287279,1.45903760022
0.02571,1441.75047805,1737.23753498,2093.28472499,1.45903760022,1.56038484773,1.6687718484
0.02598,1441.75047805,1737.23753498,2093.28472499,1.6687718484,1.78468759555,1.90865504878
0.02505,1441.75047805,1737.23753498,2093.28472499,1.90865504878,2.04123349336,2.18302106349
0.02556,1441.75047805,1737.23753498,2093.28472499,2.18302106349,2.33465744078,2.49682674022
0.02414,1441.75047805,1737.23753498,2093.28472499,2.49682674022,2.6702605966,2.85574146532
0.02397,1441.75047805,1737.23753498,2093.28472499,2.85574146532,3.05410615246,3.26624959008
0.02171,1441.75047805,1737.23753498,2093.28472499,3.26624959008,3.49312887377,3.7357675806
0.01754,1441.75047805,1737.23753498,2093.28472499,3.7357675806,3.99526038705,4.27277800772
0.01596,1441.75047805,1737.23753498,2093.28472499,4.27277800772,4.56957247704,4.88698279789
0.01292,1441.75047805,1737.23753498,2093.28472499,4.88698279789,5.22644098258,5.58947851344
0.01128,1441.75047805,1737.23753498,2093.28472499,5.58947851344,5.9777332522,6.39295682925
0.00943,1441.75047805,1737.23753498,2093.28472499,6.39295682925,6.83702254623,7.31193382753
0.00778,1441.75047805,1737.23753498,2093.28472499,7.31193382753,7.81983325879,8.36301225335
0.00675,1441.75047805,1737.23753498,2093.28472499,8.36301225335,8.94392139001,9.565181469
0.00554,1441.75047805,1737.23753498,2093.28472499,9.565181469,10.2295953358,10.9401605263
0.00688,1441.75047805,1737.23753498,2093.28472499,10.9401605263,11.7000827904,12.5127905549
0.03323,1441.75047805,1737.23753498,2093.28472499,12.5127905549,13.3819503909,14.3114835558
0.03578,2093.28472499,2522.30385979,3039.2505545,0.498221699096,0.53282903056,0.569840246466
0.03539,2093.28472499,2522.30385979,3039.2505545,0.569840246466,0.60942232474,0.651753841878
0.03502,2093.28472499,2522.30385979,3039.2505545,0.651753841878,0.697025778608,0.745442381504
0.03302,2093.28472499,2522.30385979,3039.2505545,0.745442381504,0.797222084457,0.852598494151
0.03248,2093.28472499,2522.30385979,3039.2505545,0.852598494151,0.911821443987,0.975158121225
0.03151,2093.28472499,2522.30385979,3039.2505545,0.975158121225,1.0428942724,1.11533549251
0.03075,2093.28472499,2522.30385979,3039.2505545,1.11533549251,1.19280860369,1.27566312969
0.03051,2093.28472499,2522.30385979,3039.2505545,1.27566312969,1.36427287279,1.45903760022
0.0302,2093.28472499,2522.30385979,3039.2505545,1.45903760022,1.56038484773,1.6687718484
0.02927,2093.28472499,2522.30385979,3039.2505545,1.6687718484,1.78468759555,1.90865504878
0.02798,2093.28472499,2522.30385979,3039.2505545,1.90865504878,2.04123349336,2.18302106349
0.02659,2093.28472499,2522.30385979,3039.2505545,2.18302106349,2.33465744078,2.49682674022
0.02703,2093.28472499,2522.30385979,3039.2505545,2.49682674022,2.6702605966,2.85574146532
0.02516,2093.28472499,2522.30385979,3039.2505545,2.85574146532,3.05410615246,3.26624959008
0.02551,2093.28472499,2522.30385979,3039.2505545,3.26624959008,3.49312887377,3.7357675806
0.02128,2093.28472499,2522.30385979,3039.2505545,3.7357675806,3.99526038705,4.27277800772
0.01935,2093.28472499,2522.30385979,3039.2505545,4.27277800772,4.56957247704,4.88698279789
0.01659,2093.28472499,2522.30385979,3039.2505545,4.88698279789,5.22644098258,5.58947851344
0.01356,2093.28472499,2522.30385979,3039.2505545,5.58947851344,5.9777332522,6.39295682925
0.01203,2093.28472499,2522.30385979,3039.2505545,6.39295682925,6.83702254623,7.31193382753
0.01058,2093.28472499,2522.30385979,3039.2505545,7.31193382753,7.81983325879,8.36301225335
0.00907,2093.28472499,2522.30385979,3039.2505545,8.36301225335,8.94392139001,9.565181469
0.00538,2093.28472499,2522.30385979,3039.2505545,9.565181469,10.2295953358,10.9401605263
0.00537,2093.28472499,2522.30385979,3039.2505545,10.9401605263,11.7000827904,12.5127905549
0.02707,2093.28472499,2522.30385979,3039.2505545,12.5127905549,13.3819503909,14.3114835558
0.04006,3039.2505545,3662.14558058,4412.70307033,0.498221699096,0.53282903056,0.569840246466
0.03873,3039.2505545,3662.14558058,4412.70307033,0.569840246466,0.60942232474,0.651753841878
0.03704,3039.2505545,3662.14558058,4412.70307033,0.651753841878,0.697025778608,0.745442381504
0.0366,3039.2505545,3662.14558058,4412.70307033,0.745442381504,0.797222084457,0.852598494151
0.03554,3039.2505545,3662.14558058,4412.70307033,0.852598494151,0.911821443987,0.975158121225
0.03562,3039.2505545,3662.14558058,4412.70307033,0.975158121225,1.0428942724,1.11533549251
0.03442,3039.2505545,3662.14558058,4412.70307033,1.11533549251,1.19280860369,1.27566312969
0.03404,3039.2505545,3662.14558058,4412.70307033,1.27566312969,1.36427287279,1.45903760022
0.03146,3039.2505545,3662.14558058,4412.70307033,1.45903760022,1.56038484773,1.6687718484
0.03262,3039.2505545,3662.14558058,4412.70307033,1.6687718484,1.78468759555,1.90865504878
0.03169,3039.2505545,3662.14558058,4412.70307033,1.90865504878,2.04123349336,2.18302106349
0.03087,3039.2505545,3662.14558058,4412.70307033,2.18302106349,2.33465744078,2.49682674022
0.0292,3039.2505545,3662.14558058,4412.70307033,2.49682674022,2.6702605966,2.85574146532
0.02923,3039.2505545,3662.14558058,4412.70307033,2.85574146532,3.05410615246,3.26624959008
0.03018,3039.2505545,3662.14558058,4412.70307033,3.26624959008,3.49312887377,3.7357675806
0.02744,3039.2505545,3662.14558058,4412.70307033,3.7357675806,3.99526038705,4.27277800772
0.02379,3039.2505545,3662.14558058,4412.70307033,4.27277800772,4.56957247704,4.88698279789
0.02011,3039.2505545,3662.14558058,4412.70307033,4.88698279789,5.22644098258,5.58947851344
0.01705,3039.2505545,3662.14558058,4412.70307033,5.58947851344,5.9777332522,6.39295682925
0.01448,3039.2505545,3662.14558058,4412.70307033,6.39295682925,6.83702254623,7.31193382753
0.01286,3039.2505545,3662.14558058,4412.70307033,7.31193382753,7.81983325879,8.36301225335
0.01035,3039.2505545,3662.14558058,4412.70307033,8.36301225335,8.94392139001,9.565181469
0.00553,3039.2505545,3662.14558058,4412.70307033,9.565181469,10.2295953358,10.9401605263
0.0037,3039.2505545,3662.14558058,4412.70307033,10.9401605263,11.7000827904,12.5127905549
0.01709,3039.2505545,3662.14558058,4412.70307033,12.5127905549,13.3819503909,14.3114835558
0.04454,4412.70307033,5317.08747194,6406.82564261,0.498221699096,0.53282903056,0.569840246466
0.04172,4412.70307033,5317.08747194,6406.82564261,0.569840246466,0.60942232474,0.651753841878
0.04225,4412.70307033,5317.08747194,6406.82564261,0.651753841878,0.697025778608,0.745442381504
0.04111,4412.70307033,5317.08747194,6406.82564261,0.745442381504,0.797222084457,0.852598494151
0.03943,4412.70307033,5317.08747194,6406.82564261,0.852598494151,0.911821443987,0.975158121225
0.03891,4412.70307033,5317.08747194,6406.82564261,0.975158121225,1.0428942724,1.11533549251
0.0389,4412.70307033,5317.08747194,6406.82564261,1.11533549251,1.19280860369,1.27566312969
0.0364,4412.70307033,5317.08747194,6406.82564261,1.27566312969,1.36427287279,1.45903760022
0.03563,4412.70307033,5317.08747194,6406.82564261,1.45903760022,1.56038484773,1.6687718484
0.03485,4412.70307033,5317.08747194,6406.82564261,1.6687718484,1.78468759555,1.90865504878
0.0339,4412.70307033,5317.08747194,6406.82564261,1.90865504878,2.04123349336,2.18302106349
0.03296,4412.70307033,5317.08747194,6406.82564261,2.18302106349,2.33465744078,2.49682674022
0.03052,4412.70307033,5317.08747194,6406.82564261,2.49682674022,2.6702605966,2.85574146532
0.02996,4412.70307033,5317.08747194,6406.82564261,2.85574146532,3.05410615246,3.26624959008
0.03731,4412.70307033,5317.08747194,6406.82564261,3.26624959008,3.49312887377,3.7357675806
0.03425,4412.70307033,5317.08747194,6406.82564261,3.7357675806,3.99526038705,4.27277800772
0.02899,4412.70307033,5317.08747194,6406.82564261,4.27277800772,4.56957247704,4.88698279789
0.02477,4412.70307033,5317.08747194,6406.82564261,4.88698279789,5.22644098258,5.58947851344
0.02104,4412.70307033,5317.08747194,6406.82564261,5.58947851344,5.9777332522,6.39295682925
0.01864,4412.70307033,5317.08747194,6406.82564261,6.39295682925,6.83702254623,7.31193382753
0.01522,4412.70307033,5317.08747194,6406.82564261,7.31193382753,7.81983325879,8.36301225335
0.01307,4412.70307033,5317.08747194,6406.82564261,8.36301225335,8.94392139001,9.565181469
0.00518,4412.70307033,5317.08747194,6406.82564261,9.565181469,10.2295953358,10.9401605263
0.00204,4412.70307033,5317.08747194,6406.82564261,10.9401605263,11.7000827904,12.5127905549
0.01053,4412.70307033,5317.08747194,6406.82564261,12.5127905549,13.3819503909,14.3114835558
0.04814,6406.82564261,7719.90587545,9302.10217199,0.498221699096,0.53282903056,0.569840246466
0.04703,6406.82564261,7719.90587545,9302.10217199,0.569840246466,0.60942232474,0.651753841878
0.04497,6406.82564261,7719.90587545,9302.10217199,0.651753841878,0.697025778608,0.745442381504
0.0454,6406.82564261,7719.90587545,9302.10217199,0.745442381504,0.797222084457,0.852598494151
0.04349,6406.82564261,7719.90587545,9302.10217199,0.852598494151,0.911821443987,0.975158121225
0.04289,6406.82564261,7719.90587545,9302.10217199,0.975158121225,1.0428942724,1.11533549251
0.04115,6406.82564261,7719.90587545,9302.10217199,1.11533549251,1.19280860369,1.27566312969
0.0406,6406.82564261,7719.90587545,9302.10217199,1.27566312969,1.36427287279,1.45903760022
0.03902,6406.82564261,7719.90587545,9302.10217199,1.45903760022,1.56038484773,1.6687718484
0.0388,6406.82564261,7719.90587545,9302.10217199,1.6687718484,1.78468759555,1.90865504878
0.03569,6406.82564261,7719.90587545,9302.10217199,1.90865504878,2.04123349336,2.18302106349
0.03299,6406.82564261,7719.90587545,9302.10217199,2.18302106349,2.33465744078,2.49682674022
0.03022,6406.82564261,7719.90587545,9302.10217199,2.49682674022,2.6702605966,2.85574146532
0.02909,6406.82564261,7719.90587545,9302.10217199,2.85574146532,3.05410615246,3.26624959008
0.03966,6406.82564261,7719.90587545,9302.10217199,3.26624959008,3.49312887377,3.7357675806
0.03877,6406.82564261,7719.90587545,9302.10217199,3.7357675806,3.99526038705,4.27277800772
0.03225,6406.82564261,7719.90587545,9302.10217199,4.27277800772,4.56957247704,4.88698279789
0.02788,6406.82564261,7719.90587545,9302.10217199,4.88698279789,5.22644098258,5.58947851344
0.02425,6406.82564261,7719.90587545,9302.10217199,5.58947851344,5.9777332522,6.39295682925
0.02102,6406.82564261,7719.90587545,9302.10217199,6.39295682925,6.83702254623,7.31193382753
0.01826,6406.82564261,7719.90587545,9302.10217199,7.31193382753,7.81983325879,8.36301225335
0.01647,6406.82564261,7719.90587545,9302.10217199,8.36301225335,8.94392139001,9.565181469
0.00582,6406.82564261,7719.90587545,9302.10217199,9.565181469,10.2295953358,10.9401605263
0.00129,6406.82564261,7719.90587545,9302.10217199,10.9401605263,11.7000827904,12.5127905549
0.00695,6406.82564261,7719.90587545,9302.10217199,12.5127905549,13.3819503909,14.3114835558
0.05228,9302.10217199,11208.5699249,13505.7686357,0.498221699096,0.53282903056,0.569840246466
0.05009,9302.10217199,11208.5699249,13505.7686357,0.569840246466,0.60942232474,0.651753841878
0.05053,9302.10217199,11208.5699249,13505.7686357,0.651753841878,0.697025778608,0.745442381504
0.04953,9302.10217199,11208.5699249,13505.7686357,0.745442381504,0.797222084457,0.852598494151
0.04779,9302.10217199,11208.5699249,13505.7686357,0.852598494151,0.911821443987,0.975158121225
0.04715,9302.10217199,11208.5699249,13505.7686357,0.975158121225,1.0428942724,1.11533549251
0.04527,9302.10217199,11208.5699249,13505.7686357,1.11533549251,1.19280860369,1.27566312969
0.04218,9302.10217199,11208.5699249,13505.7686357,1.27566312969,1.36427287279,1.45903760022
0.03924,9302.10217199,11208.5699249,13505.7686357,1.45903760022,1.56038484773,1.6687718484
0.0354,9302.10217199,11208.5699249,13505.7686357,1.6687718484,1.78468759555,1.90865504878
0.03339,9302.10217199,11208.5699249,13505.7686357,1.90865504878,2.04123349336,2.18302106349
0.03111,9302.10217199,11208.5699249,13505.7686357,2.18302106349,2.33465744078,2.49682674022
0.02859,9302.10217199,11208.5699249,13505.7686357,2.49682674022,2.6702605966,2.85574146532
0.02759,9302.10217199,11208.5699249,13505.7686357,2.85574146532,3.05410615246,3.26624959008
0.04096,9302.10217199,11208.5699249,13505.7686357,3.26624959008,3.49312887377,3.7357675806
0.04236,9302.10217199,11208.5699249,13505.7686357,3.7357675806,3.99526038705,4.27277800772
0.03638,9302.10217199,11208.5699249,13505.7686357,4.27277800772,4.56957247704,4.88698279789
0.03219,9302.10217199,11208.5699249,13505.7686357,4.88698279789,5.22644098258,5.58947851344
0.02951,9302.10217199,11208.5699249,13505.7686357,5.58947851344,5.9777332522,6.39295682925
0.02569,9302.10217199,11208.5699249,13505.7686357,6.39295682925,6.83702254623,7.31193382753
0.02223,9302.10217199,11208.5699249,13505.7686357,7.31193382753,7.81983325879,8.36301225335
0.02047,9302.10217199,11208.5699249,13505.7686357,8.36301225335,8.94392139001,9.565181469
0.00625,9302.10217199,11208.5699249,13505.7686357,9.565181469,10.2295953358,10.9401605263
0.00088,9302.10217199,11208.5699249,13505.7686357,10.9401605263,11.7000827904,12.5127905549
0.00441,9302.10217199,11208.5699249,13505.7686357,12.5127905549,13.3819503909,14.3114835558
0.058,13505.7686357,16273.7786946,19609.0929843,0.498221699096,0.53282903056,0.569840246466
0.05739,13505.7686357,16273.7786946,19609.0929843,0.569840246466,0.60942232474,0.651753841878
0.0554,13505.7686357,16273.7786946,19609.0929843,0.651753841878,0.697025778608,0.745442381504
0.05534,13505.7686357,16273.7786946,19609.0929843,0.745442381504,0.797222084457,0.852598494151
0.05156,13505.7686357,16273.7786946,19609.0929843,0.852598494151,0.911821443987,0.975158121225
0.04823,13505.7686357,16273.7786946,19609.0929843,0.975158121225,1.0428942724,1.11533549251
0.04014,13505.7686357,16273.7786946,19609.0929843,1.11533549251,1.19280860369,1.27566312969
0.03945,13505.7686357,16273.7786946,19609.0929843,1.27566312969,1.36427287279,1.45903760022
0.03531,13505.7686357,16273.7786946,19609.0929843,1.45903760022,1.56038484773,1.6687718484
0.03241,13505.7686357,16273.7786946,19609.0929843,1.6687718484,1.78468759555,1.90865504878
0.03041,13505.7686357,16273.7786946,19609.0929843,1.90865504878,2.04123349336,2.18302106349
0.02892,13505.7686357,16273.7786946,19609.0929843,2.18302106349,2.33465744078,2.49682674022
0.02692,13505.7686357,16273.7786946,19609.0929843,2.49682674022,2.6702605966,2.85574146532
0.02548,13505.7686357,16273.7786946,19609.0929843,2.85574146532,3.05410615246,3.26624959008
0.04233,13505.7686357,16273.7786946,19609.0929843,3.26624959008,3.49312887377,3.7357675806
0.04536,13505.7686357,16273.7786946,19609.0929843,3.7357675806,3.99526038705,4.27277800772
0.04057,13505.7686357,16273.7786946,19609.0929843,4.27277800772,4.56957247704,4.88698279789
0.03567,13505.7686357,16273.7786946,19609.0929843,4.88698279789,5.22644098258,5.58947851344
0.03207,13505.7686357,16273.7786946,19609.0929843,5.58947851344,5.9777332522,6.39295682925
0.02899,13505.7686357,16273.7786946,19609.0929843,6.39295682925,6.83702254623,7.31193382753
0.0256,13505.7686357,16273.7786946,19609.0929843,7.31193382753,7.81983325879,8.36301225335
0.02526,13505.7686357,16273.7786946,19609.0929843,8.36301225335,8.94392139001,9.565181469
0.00767,13505.7686357,16273.7786946,19609.0929843,9.565181469,10.2295953358,10.9401605263
0.00045,13505.7686357,16273.7786946,19609.0929843,10.9401605263,11.7000827904,12.5127905549
0.00281,13505.7686357,16273.7786946,19609.0929843,12.5127905549,13.3819503909,14.3114835558
0.06431,19609.0929843,23627.9806235,28470.5401107,0.498221699096,0.53282903056,0.569840246466
0.06474,19609.0929843,23627.9806235,28470.5401107,0.569840246466,0.60942232474,0.651753841878
0.06208,19609.0929843,23627.9806235,28470.5401107,0.651753841878,0.697025778608,0.745442381504
0.05934,19609.0929843,23627.9806235,28470.5401107,0.745442381504,0.797222084457,0.852598494151
0.05269,19609.0929843,23627.9806235,28470.5401107,0.852598494151,0.911821443987,0.975158121225
0.04258,19609.0929843,23627.9806235,28470.5401107,0.975158121225,1.0428942724,1.11533549251
0.0367,19609.0929843,23627.9806235,28470.5401107,1.11533549251,1.19280860369,1.27566312969
0.03598,19609.0929843,23627.9806235,28470.5401107,1.27566312969,1.36427287279,1.45903760022
0.03126,19609.0929843,23627.9806235,28470.5401107,1.45903760022,1.56038484773,1.6687718484
0.03018,19609.0929843,23627.9806235,28470.5401107,1.6687718484,1.78468759555,1.90865504878
0.02773,19609.0929843,23627.9806235,28470.5401107,1.90865504878,2.04123349336,2.18302106349
0.02537,19609.0929843,23627.9806235,28470.5401107,2.18302106349,2.33465744078,2.49682674022
0.024,19609.0929843,23627.9806235,28470.5401107,2.49682674022,2.6702605966,2.85574146532
0.02302,19609.0929843,23627.9806235,28470.5401107,2.85574146532,3.05410615246,3.26624959008
0.04321,19609.0929843,23627.9806235,28470.5401107,3.26624959008,3.49312887377,3.7357675806
0.04766,19609.0929843,23627.9806235,28470.5401107,3.7357675806,3.99526038705,4.27277800772
0.04351,19609.0929843,23627.9806235,28470.5401107,4.27277800772,4.56957247704,4.88698279789
0.03938,19609.0929843,23627.9806235,28470.5401107,4.88698279789,5.22644098258,5.58947851344
0.03634,19609.0929843,23627.9806235,28470.5401107,5.58947851344,5.9777332522,6.39295682925
0.03439,19609.0929843,23627.9806235,28470.5401107,6.39295682925,6.83702254623,7.31193382753
0.03202,19609.0929843,23627.9806235,28470.5401107,7.31193382753,7.81983325879,8.36301225335
0.03011,19609.0929843,23627.9806235,28470.5401107,8.36301225335,8.94392139001,9.565181469
0.00918,19609.0929843,23627.9806235,28470.5401107,9.565181469,10.2295953358,10.9401605263
0.00033,19609.0929843,23627.9806235,28470.5401107,10.9401605263,11.7000827904,12.5127905549
0.00189,19609.0929843,23627.9806235,28470.5401107,12.5127905549,13.3819503909,14.3114835558
0.07183,28470.5401107,34305.5831605,41336.5194832,0.498221699096,0.53282903056,0.569840246466
0.0683,28470.5401107,34305.5831605,41336.5194832,0.569840246466,0.60942232474,0.651753841878
0.06664,28470.5401107,34305.5831605,41336.5194832,0.651753841878,0.697025778608,0.745442381504
0.05619,28470.5401107,34305.5831605,41336.5194832,0.745442381504,0.797222084457,0.852598494151
0.04739,28470.5401107,34305.5831605,41336.5194832,0.852598494151,0.911821443987,0.975158121225
0.0389,28470.5401107,34305.5831605,41336.5194832,0.975158121225,1.0428942724,1.11533549251
0.03306,28470.5401107,34305.5831605,41336.5194832,1.11533549251,1.19280860369,1.27566312969
0.03157,28470.5401107,34305.5831605,41336.5194832,1.27566312969,1.36427287279,1.45903760022
0.02825,28470.5401107,34305.5831605,41336.5194832,1.45903760022,1.56038484773,1.6687718484
0.02663,28470.5401107,34305.5831605,41336.5194832,1.6687718484,1.78468759555,1.90865504878
0.02461,28470.5401107,34305.5831605,41336.5194832,1.90865504878,2.04123349336,2.18302106349
0.02296,28470.5401107,34305.5831605,41336.5194832,2.18302106349,2.33465744078,2.49682674022
0.02121,28470.5401107,34305.5831605,41336.5194832,2.49682674022,2.6702605966,2.85574146532
0.0196,28470.5401107,34305.5831605,41336.5194832,2.85574146532,3.05410615246,3.26624959008
0.04255,28470.5401107,34305.5831605,41336.5194832,3.26624959008,3.49312887377,3.7357675806
0.04852,28470.5401107,34305.5831605,41336.5194832,3.7357675806,3.99526038705,4.27277800772
0.04526,28470.5401107,34305.5831605,41336.5194832,4.27277800772,4.56957247704,4.88698279789
0.04126,28470.5401107,34305.5831605,41336.5194832,4.88698279789,5.22644098258,5.58947851344
0.03868,28470.5401107,34305.5831605,41336.5194832,5.58947851344,5.9777332522,6.39295682925
0.03832,28470.5401107,34305.5831605,41336.5194832,6.39295682925,6.83702254623,7.31193382753
0.0374,28470.5401107,34305.5831605,41336.5194832,7.31193382753,7.81983325879,8.36301225335
0.03597,28470.5401107,34305.5831605,41336.5194832,8.36301225335,8.94392139001,9.565181469
0.01164,28470.5401107,34305.5831605,41336.5194832,9.565181469,10.2295953358,10.9401605263
0.00016,28470.5401107,34305.5831605,41336.5194832,10.9401605263,11.7000827904,12.5127905549
0.00111,28470.5401107,34305.5831605,41336.5194832,12.5127905549,13.3819503909,14.3114835558
0.07065,41336.5194832,49808.4476509,60016.6992386,0.498221699096,0.53282903056,0.569840246466
0.05941,41336.5194832,49808.4476509,60016.6992386,0.569840246466,0.60942232474,0.651753841878
0.0507,41336.5194832,49808.4476509,60016.6992386,0.651753841878,0.697025778608,0.745442381504
0.04158,41336.5194832,49808.4476509,60016.6992386,0.745442381504,0.797222084457,0.852598494151
0.03402,41336.5194832,49808.4476509,60016.6992386,0.852598494151,0.911821443987,0.975158121225
0.027,41336.5194832,49808.4476509,60016.6992386,0.975158121225,1.0428942724,1.11533549251
0.02363,41336.5194832,49808.4476509,60016.6992386,1.11533549251,1.19280860369,1.27566312969
0.02255,41336.5194832,49808.4476509,60016.6992386,1.27566312969,1.36427287279,1.45903760022
0.02012,41336.5194832,49808.4476509,60016.6992386,1.45903760022,1.56038484773,1.6687718484
0.01892,41336.5194832,49808.4476509,60016.6992386,1.6687718484,1.78468759555,1.90865504878
0.01685,41336.5194832,49808.4476509,60016.6992386,1.90865504878,2.04123349336,2.18302106349
0.01644,41336.5194832,49808.4476509,60016.6992386,2.18302106349,2.33465744078,2.49682674022
0.01592,41336.5194832,49808.4476509,60016.6992386,2.49682674022,2.6702605966,2.85574146532
0.01566,41336.5194832,49808.4476509,60016.6992386,2.85574146532,3.05410615246,3.26624959008
0.03645,41336.5194832,49808.4476509,60016.6992386,3.26624959008,3.49312887377,3.7357675806
0.04589,41336.5194832,49808.4476509,60016.6992386,3.7357675806,3.99526038705,4.27277800772
0.04758,41336.5194832,49808.4476509,60016.6992386,4.27277800772,4.56957247704,4.88698279789
0.0468,41336.5194832,49808.4476509,60016.6992386,4.88698279789,5.22644098258,5.58947851344
0.04807,41336.5194832,49808.4476509,60016.6992386,5.58947851344,5.9777332522,6.39295682925
0.04691,41336.5194832,49808.4476509,60016.6992386,6.39295682925,6.83702254623,7.31193382753
0.04612,41336.5194832,49808.4476509,60016.6992386,7.31193382753,7.81983325879,8.36301225335
0.0455,41336.5194832,49808.4476509,60016.6992386,8.36301225335,8.94392139001,9.565181469
0.01473,41336.5194832,49808.4476509,60016.6992386,9.565181469,10.2295953358,10.9401605263
0.00018,41336.5194832,49808.4476509,60016.6992386,10.9401605263,11.7000827904,12.5127905549
0.0008,41336.5194832,49808.4476509,60016.6992386,12.5127905549,13.3819503909,14.3114835558
