{
    "FAP": 3e-07,
    "FAdMag0": 15,
    "Gamma": [
        0.38,
        0.73
    ],
    "IWA": 0.15,
    "Irange": [
        0.0,
        180.0
    ],
    "Izod": "fZmin",
    "MDP": 0.001,
    "Mprange": [
        1.0,
        4131.0
    ],
    "OBduration": Infinity,
    "OBendTimes": [
        2191.5
    ],
    "OBnumber": 0,
    "OBstartTimes": [
        0.0
    ],
    "OWA": 0.557002,
    "Orange": [
        0.0,
        360.0
    ],
    "Revision": "Github commit a29fa14f33b59b91f09ac7ff026ec1ef169f7c63   Tue Dec 24 09:48:06 2019 -0500",
    "Rplim": [
        0.0,
        3.4,
        Infinity
    ],
    "Rprange": [
        0.6666666666666666,
        17.0859375
    ],
    "SAG13coeffs": [
        [
            0.38,
            0.73
        ],
        [
            -0.19,
            -1.18
        ],
        [
            0.26,
            0.59
        ],
        [
            0.0,
            3.4
        ]
    ],
    "SAG13starMass": 1.0,
    "WA0": 0.289498,
    "WAint": 0.3,
    "alpha": [
        -0.19,
        -1.18
    ],
    "arange": [
        0.1,
        30.0
    ],
    "beta": [
        0.26,
        0.59
    ],
    "cacheOptTimes": true,
    "cachedir": "/home/corey/.EXOSIMS/cache",
    "cachefname": "/home/corey/.EXOSIMS/cache/BrownCompleteness2TargetListNemati89f9cc9331e74a906819fab47fde50f6.",
    "charMargin": 0.15,
    "checkKeepoutEnd": true,
    "coMass": 5800.0,
    "constTOF": [
        14.0
    ],
    "constrainOrbits": false,
    "currentTimeAbs": 60634.0,
    "currentTimeNorm": 0.0,
    "dMag0": 22.5,
    "dMagLim": 22.5,
    "dMagint": 22.5,
    "defaultAddExoplanetObsTime": true,
    "defburnPortion": 0.05,
    "dryMass": 3400.0,
    "dt_max": 1.0,
    "earths_only": false,
    "equinox": 60575.25,
    "erange": [
        0.0,
        0.35
    ],
    "esigma": 0.25,
    "eta": 5.626595994637237,
    "exoplanetObsTime": 0.0,
    "explainFiltering": false,
    "fEZ0": 1.584893192461111e-09,
    "fZ0": 6.309573444801917e-10,
    "fillPhotometry": false,
    "filterBinaries": true,
    "filterSubM": false,
    "filter_for_char": false,
    "find_known_RV": false,
    "fixedPlanPerStar": null,
    "forceStaticEphem": false,
    "ftol": 1e-05,
    "haveOcculter": false,
    "intCutoff": 30.0,
    "keepStarCatalog": false,
    "koAngles_SolarPanel": [
        0.0,
        180.0
    ],
    "ko_dtStep": 1.0,
    "magEZ": 22.0,
    "magZ": 23.0,
    "maxdVpct": 0.02,
    "maxiter": 60,
    "minComp": 0.0,
    "missionFinishAbs": 62825.5,
    "missionLife": 6.0,
    "missionPortion": 0.1,
    "missionSchedule": null,
    "missionStart": 60634.0,
    "modules": {
        "BackgroundSources": "GalaxiesFaintStars",
        "Completeness": "BrownCompleteness2",
        "Observatory": "WFIRSTObservatoryL2",
        "OpticalSystem": "Nemati",
        "PlanetPhysicalModel": "Forecaster",
        "PlanetPopulation": "SAG13",
        "PostProcessing": "PostProcessing",
        "SimulatedUniverse": "SAG13Universe",
        "StarCatalog": "EXOCAT1",
        "SurveyEnsemble": "IPClusterEnsemble",
        "SurveySimulation": "SLSQPScheduler_DC",
        "TargetList": "TargetList",
        "TimeKeeping": "TimeKeeping",
        "ZodiacalLight": "Stark"
    },
    "mu": 6.67408e-11,
    "nStars": 651,
    "nVisitsMax": 10,
    "ntFlux": 1,
    "obscurFac": 0.1724,
    "observingModes": [
        {
            "SNR": 5,
            "detectionMode": true,
            "instName": "imager",
            "radDos": 0,
            "systName": "HLC-565"
        },
        {
            "SNR": 10,
            "instName": "spectro",
            "lam": 660,
            "radDos": 0,
            "systName": "SPC-660"
        }
    ],
    "occ_dtmax": 61.0,
    "occ_dtmin": 10.0,
    "occulterSep": 55000.0,
    "orbit_datapath": "/home/corey/.EXOSIMS/cache/L2_halo_orbit_six_month.p",
    "pfromRp": false,
    "ppFact": 0.1,
    "ppFact_char": 1.0,
    "prange": [
        0.083,
        0.882
    ],
    "pupilArea": 3.6509598364437466,
    "pupilDiam": 2.37,
    "ref_Time": 0.0,
    "ref_dMag": 3.0,
    "rrange": [
        0.065,
        40.5
    ],
    "scMass": 6000.0,
    "scaleOrbits": false,
    "scaleWAdMag": false,
    "scienceInstruments": [
        {
            "CIC": 0.01,
            "ENF": 1.0,
            "FoV": 9.5,
            "PCeff": 0.8,
            "QE": "$HOME/Documents/GitHub/EXOSIMS/fits_files_folder/WFIRST_cycle6/QE/Basic_Multi2_std_Si.fits",
            "Rs": 1.0,
            "fnumber": 60.97706197560175,
            "focal": 144.51563688217615,
            "idark": 0.000114,
            "lenslSamp": 1.0,
            "name": "imager",
            "optics": 0.518018590965876,
            "pixelNumber": 1024,
            "pixelScale": 0.0185546875,
            "pixelSize": 1.3e-05,
            "sread": 0.0,
            "texp": 100.0
        },
        {
            "CIC": 0.01,
            "ENF": 1.0,
            "FoV": 1.0,
            "PCeff": 0.8,
            "QE": "$HOME/Documents/GitHub/EXOSIMS/fits_files_folder/WFIRST_cycle6/QE/Basic_Multi2_std_Si.fits",
            "Rs": 50.0,
            "fnumber": 575.4526999602537,
            "focal": 1363.8228989058011,
            "idark": 0.000114,
            "lenslSamp": 2.0,
            "name": "spectro",
            "optics": 0.465846901959329,
            "pixelNumber": 76,
            "pixelScale": 0.02631578947368421,
            "pixelSize": 0.000174,
            "sread": 0.0,
            "texp": 100.0
        }
    ],
    "seed": 865989785,
    "selectionMetric": "maxC",
    "settlingTime": 0.5,
    "shapeFac": 0.7853981633974483,
    "skIsp": 220.0,
    "slewIsp": 4160.0,
    "smaknee": 10.0,
    "spkpath": "/home/corey/.EXOSIMS/downloads/de432s.bsp",
    "stabilityFact": 1.0,
    "starlightSuppressionSystems": [
        {
            "BW": 0.1,
            "IWA": 0.15,
            "OWA": 0.428996,
            "PSF": [
                [
                    1.0,
                    1.0,
                    1.0
                ],
                [
                    1.0,
                    1.0,
                    1.0
                ],
                [
                    1.0,
                    1.0,
                    1.0
                ]
            ],
            "contrast_floor": null,
            "core_area": "$HOME/Documents/GitHub/EXOSIMS/fits_files_folder/WFIRST_cycle6/G22_FIT_565/G22_FIT_565_area.fits",
            "core_contrast": 1e-10,
            "core_mean_intensity": "$HOME/Documents/GitHub/EXOSIMS/fits_files_folder/WFIRST_cycle6/G22_FIT_565/G22_FIT_565_mean_intensity.fits",
            "core_platescale": 0.3,
            "core_thruput": "$HOME/Documents/GitHub/EXOSIMS/fits_files_folder/WFIRST_cycle6/G22_FIT_565/G22_FIT_565_thruput.fits",
            "deltaLam": 56.5,
            "koAngles_Earth": [
                0.0,
                180.0
            ],
            "koAngles_Moon": [
                0.0,
                180.0
            ],
            "koAngles_Small": [
                0.0,
                180.0
            ],
            "koAngles_Sun": [
                0.0,
                180.0
            ],
            "lam": 565.0,
            "name": "HLC-565",
            "occ_trans": "$HOME/Documents/GitHub/EXOSIMS/fits_files_folder/WFIRST_cycle6/G22_FIT_565/G22_FIT_565_occ_trans.fits",
            "occulter": false,
            "ohTime": 0.5,
            "optics": 0.983647
        },
        {
            "BW": 0.18,
            "IWA": 0.208876,
            "OWA": 0.557002,
            "PSF": [
                [
                    1.0,
                    1.0,
                    1.0
                ],
                [
                    1.0,
                    1.0,
                    1.0
                ],
                [
                    1.0,
                    1.0,
                    1.0
                ]
            ],
            "contrast_floor": null,
            "core_area": "$HOME/Documents/GitHub/EXOSIMS/fits_files_folder/WFIRST_cycle6/L3_FIT_660/L3_FIT_660_area.fits",
            "core_contrast": 1e-10,
            "core_mean_intensity": "$HOME/Documents/GitHub/EXOSIMS/fits_files_folder/WFIRST_cycle6/L3_FIT_660/L3_FIT_660_mean_intensity.fits",
            "core_platescale": 0.3,
            "core_thruput": "$HOME/Documents/GitHub/EXOSIMS/fits_files_folder/WFIRST_cycle6/L3_FIT_660/L3_FIT_660_thruput.fits",
            "deltaLam": 118.8,
            "koAngles_Earth": [
                0.0,
                180.0
            ],
            "koAngles_Moon": [
                0.0,
                180.0
            ],
            "koAngles_Small": [
                0.0,
                180.0
            ],
            "koAngles_Sun": [
                0.0,
                180.0
            ],
            "lam": 660.0,
            "name": "SPC-660",
            "occ_trans": "$HOME/Documents/GitHub/EXOSIMS/fits_files_folder/WFIRST_cycle6/L3_FIT_660/L3_FIT_660_occ_trans.fits",
            "occulter": false,
            "ohTime": 0.5,
            "optics": 0.9154706
        }
    ],
    "staticOptTimes": true,
    "staticStars": true,
    "texp_flag": false,
    "thrust": 450.0,
    "use_char_minintTime": false,
    "varEZ": 0.0,
    "wrange": [
        0.0,
        360.0
    ]
}